district,date,ML,Low_90,High_90,Low_50,High_50
Ahmednagar,2020-05-23,0.0,0.0,10.81,0.0,6.01
Ahmednagar,2020-05-24,8.69,2.68,11.98,6.3,10.68
Ahmednagar,2020-05-25,4.92,0.65,8.3,3.04,6.4
Ahmednagar,2020-05-26,3.23,0.04,5.72,1.78,4.3500000000000005
Ahmednagar,2020-05-27,3.0100000000000002,0.27,5.2700000000000005,1.72,3.93
Ahmednagar,2020-05-28,2.48,0.11,4.39,1.35,3.2600000000000002
Ahmednagar,2020-05-29,2.43,0.27,4.23,1.41,3.14
Ahmednagar,2020-05-30,2.36,0.43,4.07,1.53,3.09
Ahmednagar,2020-05-31,2.6,0.81,4.2,1.76,3.18
Ahmednagar,2020-06-01,2.5300000000000002,0.9,3.95,1.84,3.1
Ahmednagar,2020-06-02,2.44,0.96,3.71,1.83,2.96
Ahmednagar,2020-06-03,2.17,0.8200000000000001,3.33,1.55,2.59
Ahmednagar,2020-06-04,1.99,0.78,3.1,1.44,2.4
Ahmednagar,2020-06-05,1.73,0.5700000000000001,2.75,1.26,2.16
Ahmednagar,2020-06-06,1.48,0.36,2.43,0.9400000000000001,1.81
Ahmednagar,2020-06-07,1.33,0.27,2.25,0.8200000000000001,1.6600000000000001
Ahmednagar,2020-06-08,1.31,0.27,2.21,0.8200000000000001,1.6400000000000001
Akola,2020-04-21,0.0,0.0,10.81,0.0,6.01
Akola,2020-04-22,0.08,0.0,7.1000000000000005,0.01,3.21
Akola,2020-04-23,0.09,0.0,5.54,0.0,2.5
Akola,2020-04-24,0.1,0.0,4.7700000000000005,0.0,2.16
Akola,2020-04-25,1.82,0.0,4.75,0.51,2.7800000000000002
Akola,2020-04-26,1.61,0.0,4.18,0.5,2.49
Akola,2020-04-27,1.48,0.0,3.8000000000000003,0.43,2.24
Akola,2020-04-28,1.4000000000000001,0.0,3.52,0.39,2.07
Akola,2020-04-29,1.34,0.0,3.31,0.38,1.96
Akola,2020-04-30,1.58,0.0,3.35,0.65,2.23
Akola,2020-05-01,1.74,0.01,3.33,0.85,2.38
Akola,2020-05-02,1.6300000000000001,0.01,3.11,0.86,2.2800000000000002
Akola,2020-05-03,1.72,0.07,3.12,0.9,2.27
Akola,2020-05-04,1.92,0.28,3.31,1.22,2.52
Akola,2020-05-05,2.02,0.5,3.38,1.3800000000000001,2.59
Akola,2020-05-06,2.16,0.72,3.41,1.49,2.61
Akola,2020-05-07,2.22,0.91,3.37,1.59,2.61
Akola,2020-05-08,2.08,0.87,3.13,1.55,2.48
Akola,2020-05-09,1.86,0.75,2.85,1.34,2.21
Akola,2020-05-10,1.7,0.66,2.64,1.21,2.0300000000000002
Akola,2020-05-11,1.58,0.5700000000000001,2.46,1.1300000000000001,1.9100000000000001
Akola,2020-05-12,1.48,0.49,2.31,1.05,1.8
Akola,2020-05-13,1.48,0.56,2.31,1.09,1.81
Akola,2020-05-14,1.52,0.62,2.31,1.09,1.79
Akola,2020-05-15,1.51,0.63,2.2600000000000002,1.12,1.79
Akola,2020-05-16,1.44,0.61,2.18,1.04,1.69
Akola,2020-05-17,1.41,0.63,2.15,1.02,1.6500000000000001
Akola,2020-05-18,1.41,0.62,2.1,1.04,1.6500000000000001
Akola,2020-05-19,1.43,0.65,2.09,1.09,1.68
Akola,2020-05-20,1.45,0.71,2.1,1.1300000000000001,1.7
Akola,2020-05-21,1.44,0.71,2.06,1.16,1.71
Akola,2020-05-22,1.41,0.71,2.02,1.08,1.62
Akola,2020-05-23,1.3800000000000001,0.72,1.99,1.11,1.6300000000000001
Akola,2020-05-24,1.36,0.71,1.95,1.06,1.57
Akola,2020-05-25,1.3900000000000001,0.75,1.96,1.09,1.59
Akola,2020-05-26,1.3900000000000001,0.75,1.93,1.07,1.56
Akola,2020-05-27,1.41,0.79,1.94,1.1500000000000001,1.62
Akola,2020-05-28,1.37,0.77,1.8900000000000001,1.1,1.56
Akola,2020-05-29,1.31,0.72,1.82,1.05,1.5
Akola,2020-05-30,1.28,0.7000000000000001,1.78,0.98,1.43
Akola,2020-05-31,1.23,0.68,1.74,0.96,1.4000000000000001
Akola,2020-06-01,1.22,0.66,1.71,0.98,1.41
Akola,2020-06-02,1.25,0.6900000000000001,1.73,0.98,1.41
Akola,2020-06-03,1.27,0.73,1.75,1.02,1.44
Akola,2020-06-04,1.28,0.77,1.77,1.07,1.48
Akola,2020-06-05,1.25,0.72,1.71,0.99,1.4000000000000001
Akola,2020-06-06,1.2,0.67,1.6500000000000001,0.98,1.3800000000000001
Akola,2020-06-07,1.1500000000000001,0.64,1.61,0.91,1.31
Akola,2020-06-08,1.09,0.56,1.53,0.84,1.24
Amravati,2020-04-22,0.0,0.0,10.81,0.0,6.01
Amravati,2020-04-23,0.08,0.0,7.1000000000000005,0.01,3.21
Amravati,2020-04-24,2.56,0.0,6.3100000000000005,0.81,3.85
Amravati,2020-04-25,1.93,0.0,5.01,0.53,2.93
Amravati,2020-04-26,2.2800000000000002,0.0,4.74,1.04,3.2800000000000002
Amravati,2020-04-27,1.48,0.0,3.8000000000000003,0.42,2.23
Amravati,2020-04-28,1.4000000000000001,0.0,3.52,0.39,2.07
Amravati,2020-04-29,1.0,0.0,3.09,0.05,1.5
Amravati,2020-04-30,1.0,0.0,2.99,0.05,1.46
Amravati,2020-05-01,1.0,0.0,2.91,0.11,1.48
Amravati,2020-05-02,1.26,0.0,3.0100000000000002,0.43,1.86
Amravati,2020-05-03,1.9100000000000001,0.04,3.43,1.01,2.5300000000000002
Amravati,2020-05-04,2.11,0.35000000000000003,3.66,1.26,2.69
Amravati,2020-05-05,2.06,0.38,3.46,1.28,2.59
Amravati,2020-05-06,1.8800000000000001,0.39,3.22,1.24,2.44
Amravati,2020-05-07,1.55,0.19,2.75,0.87,1.99
Amravati,2020-05-08,1.3,0.04,2.37,0.65,1.7
Amravati,2020-05-09,1.09,0.01,2.14,0.47000000000000003,1.46
Amravati,2020-05-10,0.99,0.0,2.04,0.45,1.4000000000000001
Amravati,2020-05-11,0.99,0.0,2.02,0.4,1.35
Amravati,2020-05-12,0.99,0.0,2.0100000000000002,0.43,1.37
Amravati,2020-05-13,1.08,0.0,2.07,0.53,1.48
Amravati,2020-05-14,1.16,0.03,2.14,0.64,1.59
Amravati,2020-05-15,1.1500000000000001,0.04,2.12,0.58,1.52
Amravati,2020-05-16,1.22,0.06,2.17,0.6900000000000001,1.62
Amravati,2020-05-17,1.21,0.04,2.12,0.7000000000000001,1.61
Amravati,2020-05-18,1.27,0.14,2.22,0.75,1.6500000000000001
Amravati,2020-05-19,1.25,0.14,2.18,0.74,1.62
Amravati,2020-05-20,1.36,0.25,2.3000000000000003,0.8300000000000001,1.7
Amravati,2020-05-21,1.3900000000000001,0.3,2.31,0.92,1.76
Amravati,2020-05-22,1.42,0.36,2.32,0.92,1.74
Amravati,2020-05-23,1.44,0.43,2.33,0.97,1.76
Amravati,2020-05-24,1.4000000000000001,0.43,2.27,1.0,1.76
Amravati,2020-05-25,1.33,0.37,2.16,0.92,1.6600000000000001
Amravati,2020-05-26,1.23,0.29,2.0300000000000002,0.77,1.5
Amravati,2020-05-27,1.18,0.28,1.98,0.78,1.49
Amravati,2020-05-28,1.09,0.21,1.87,0.6900000000000001,1.3900000000000001
Amravati,2020-05-29,1.1300000000000001,0.24,1.9000000000000001,0.7000000000000001,1.4000000000000001
Amravati,2020-05-30,1.16,0.28,1.93,0.75,1.44
Amravati,2020-05-31,1.26,0.39,2.0300000000000002,0.85,1.53
Amravati,2020-06-01,1.32,0.46,2.07,0.96,1.62
Amravati,2020-06-02,1.3,0.48,2.05,0.91,1.56
Amravati,2020-06-03,1.28,0.46,2.0,0.9500000000000001,1.58
Amravati,2020-06-04,1.24,0.44,1.95,0.89,1.51
Amravati,2020-06-05,1.17,0.36,1.85,0.84,1.45
Amravati,2020-06-06,1.11,0.32,1.79,0.73,1.34
Amravati,2020-06-07,1.08,0.28,1.74,0.75,1.35
Amravati,2020-06-08,1.05,0.26,1.71,0.6900000000000001,1.29
Aurangabad,2020-04-21,0.0,0.0,10.81,0.0,6.01
Aurangabad,2020-04-22,0.08,0.0,5.1000000000000005,0.0,2.31
Aurangabad,2020-04-23,0.09,0.0,3.96,0.03,1.84
Aurangabad,2020-04-24,0.1,0.0,3.15,0.0,1.3900000000000001
Aurangabad,2020-04-25,1.36,0.0,3.38,0.39,2.0
Aurangabad,2020-04-26,2.04,0.04,3.65,1.18,2.79
Aurangabad,2020-04-27,2.48,0.68,4.1,1.6500000000000001,3.09
Aurangabad,2020-04-28,2.47,0.9,3.89,1.76,3.0
Aurangabad,2020-04-29,2.67,1.27,3.86,2.1,3.16
Aurangabad,2020-04-30,2.61,1.42,3.66,2.09,3.0100000000000002
Aurangabad,2020-05-01,2.41,1.37,3.35,1.9000000000000001,2.72
Aurangabad,2020-05-02,2.34,1.41,3.18,1.9100000000000001,2.64
Aurangabad,2020-05-03,2.23,1.4000000000000001,3.0,1.84,2.5
Aurangabad,2020-05-04,2.07,1.3,2.77,1.69,2.3000000000000003
Aurangabad,2020-05-05,1.93,1.19,2.56,1.62,2.18
Aurangabad,2020-05-06,1.7,1.02,2.31,1.4000000000000001,1.93
Aurangabad,2020-05-07,1.68,1.02,2.25,1.35,1.86
Aurangabad,2020-05-08,1.6400000000000001,1.02,2.19,1.37,1.85
Aurangabad,2020-05-09,1.62,1.02,2.14,1.35,1.81
Aurangabad,2020-05-10,1.6400000000000001,1.06,2.13,1.37,1.81
Aurangabad,2020-05-11,1.58,1.02,2.05,1.35,1.77
Aurangabad,2020-05-12,1.51,0.98,1.97,1.26,1.67
Aurangabad,2020-05-13,1.49,0.97,1.93,1.23,1.6300000000000001
Aurangabad,2020-05-14,1.45,0.9500000000000001,1.8800000000000001,1.24,1.62
Aurangabad,2020-05-15,1.48,1.0,1.9000000000000001,1.26,1.6300000000000001
Aurangabad,2020-05-16,1.42,0.9400000000000001,1.82,1.21,1.57
Aurangabad,2020-05-17,1.3900000000000001,0.93,1.79,1.21,1.56
Aurangabad,2020-05-18,1.33,0.89,1.73,1.11,1.46
Aurangabad,2020-05-19,1.3,0.85,1.68,1.1,1.44
Aurangabad,2020-05-20,1.26,0.81,1.6300000000000001,1.04,1.3800000000000001
Aurangabad,2020-05-21,1.25,0.8,1.61,1.06,1.3900000000000001
Aurangabad,2020-05-22,1.22,0.78,1.58,1.01,1.34
Aurangabad,2020-05-23,1.17,0.75,1.54,0.9500000000000001,1.28
Aurangabad,2020-05-24,1.09,0.66,1.45,0.87,1.2
Aurangabad,2020-05-25,1.05,0.63,1.42,0.8300000000000001,1.16
Aurangabad,2020-05-26,1.01,0.6,1.3900000000000001,0.8,1.1300000000000001
Aurangabad,2020-05-27,1.03,0.59,1.3900000000000001,0.8200000000000001,1.1500000000000001
Aurangabad,2020-05-28,1.02,0.6,1.4000000000000001,0.8200000000000001,1.1500000000000001
Aurangabad,2020-05-29,1.07,0.65,1.45,0.87,1.2
Aurangabad,2020-05-30,1.11,0.68,1.48,0.91,1.24
Aurangabad,2020-05-31,1.16,0.72,1.52,0.9500000000000001,1.28
Aurangabad,2020-06-01,1.19,0.76,1.55,0.97,1.3
Aurangabad,2020-06-02,1.23,0.81,1.59,1.04,1.36
Aurangabad,2020-06-03,1.23,0.8200000000000001,1.59,1.02,1.34
Aurangabad,2020-06-04,1.27,0.87,1.6300000000000001,1.06,1.3800000000000001
Aurangabad,2020-06-05,1.25,0.85,1.6,1.05,1.36
Aurangabad,2020-06-06,1.24,0.85,1.59,1.03,1.34
Aurangabad,2020-06-07,1.2,0.8300000000000001,1.56,1.03,1.33
Aurangabad,2020-06-08,1.1400000000000001,0.75,1.48,0.96,1.26
Hingoli,2020-04-21,0.0,0.0,10.81,0.0,6.01
Hingoli,2020-04-22,0.08,0.0,7.1000000000000005,0.01,3.21
Hingoli,2020-04-23,0.09,0.0,5.54,0.0,2.5
Hingoli,2020-04-24,0.09,0.0,4.23,0.0,1.77
Hingoli,2020-04-25,0.1,0.0,4.03,0.0,1.7
Hingoli,2020-04-26,0.11,0.0,4.29,0.03,1.98
Hingoli,2020-04-27,0.11,0.0,3.59,0.0,1.54
Hingoli,2020-04-28,1.0,0.0,3.8200000000000003,0.05,1.8
Hingoli,2020-04-29,1.52,0.0,3.91,0.37,2.24
Hingoli,2020-04-30,1.83,0.0,3.88,0.72,2.56
Hingoli,2020-05-01,1.98,0.01,3.7800000000000002,0.96,2.7
Hingoli,2020-05-02,2.2800000000000002,0.27,4.01,1.3,2.94
Hingoli,2020-05-03,2.02,0.18,3.54,1.18,2.65
Hingoli,2020-05-04,1.84,0.21,3.29,1.07,2.42
Hingoli,2020-05-05,1.58,0.07,2.86,0.92,2.16
Hingoli,2020-05-06,1.1300000000000001,0.0,2.37,0.49,1.6
Hingoli,2020-05-07,0.99,0.0,2.23,0.33,1.3900000000000001
Hingoli,2020-05-08,0.99,0.0,2.21,0.33,1.3800000000000001
Hingoli,2020-05-09,0.87,0.0,2.1,0.22,1.22
Hingoli,2020-05-10,0.87,0.0,2.09,0.31,1.3
Hingoli,2020-05-11,0.88,0.0,2.08,0.26,1.25
Hingoli,2020-05-12,0.88,0.0,2.08,0.23,1.22
Hingoli,2020-05-13,0.88,0.0,2.07,0.32,1.3
Hingoli,2020-05-14,1.11,0.0,2.24,0.52,1.56
Hingoli,2020-05-15,1.41,0.06,2.5,0.76,1.84
Hingoli,2020-05-16,1.56,0.26,2.71,0.9500000000000001,2.0
Hingoli,2020-05-17,1.59,0.36,2.73,1.08,2.08
Hingoli,2020-05-18,1.46,0.24,2.49,0.88,1.84
Hingoli,2020-05-19,1.35,0.17,2.32,0.8200000000000001,1.74
Hingoli,2020-05-20,1.19,0.11,2.13,0.65,1.54
Hingoli,2020-05-21,0.99,0.01,1.86,0.46,1.31
Hingoli,2020-05-22,1.05,0.01,1.9100000000000001,0.58,1.43
Hingoli,2020-05-23,1.11,0.05,1.98,0.65,1.5
Hingoli,2020-05-24,1.11,0.07,1.98,0.65,1.49
Hingoli,2020-05-25,1.16,0.11,2.04,0.66,1.5
Hingoli,2020-05-26,1.16,0.1,2.0100000000000002,0.65,1.48
Hingoli,2020-05-27,1.1500000000000001,0.09,1.98,0.72,1.53
Hingoli,2020-05-28,1.09,0.1,1.93,0.62,1.42
Hingoli,2020-05-29,1.19,0.18,2.05,0.71,1.51
Hingoli,2020-05-30,1.28,0.29,2.16,0.8,1.59
Hingoli,2020-05-31,1.36,0.36,2.21,0.89,1.6600000000000001
Hingoli,2020-06-01,1.34,0.37,2.17,0.88,1.6300000000000001
Hingoli,2020-06-02,1.32,0.36,2.12,0.88,1.61
Hingoli,2020-06-03,1.22,0.3,2.0100000000000002,0.8200000000000001,1.53
Hingoli,2020-06-04,1.1300000000000001,0.23,1.9000000000000001,0.72,1.42
Hingoli,2020-06-05,1.05,0.17,1.8,0.66,1.35
Hingoli,2020-06-06,1.05,0.14,1.77,0.63,1.32
Hingoli,2020-06-07,1.05,0.16,1.78,0.62,1.31
Hingoli,2020-06-08,1.05,0.18,1.79,0.66,1.34
Jalgaon,2020-04-21,0.0,0.0,10.81,0.0,6.01
Jalgaon,2020-04-22,0.08,0.0,7.1000000000000005,0.01,3.21
Jalgaon,2020-04-23,2.56,0.0,6.3100000000000005,0.81,3.85
Jalgaon,2020-04-24,1.93,0.0,5.01,0.53,2.93
Jalgaon,2020-04-25,2.84,0.02,5.15,1.51,3.85
Jalgaon,2020-04-26,2.2800000000000002,0.02,4.29,1.11,3.08
Jalgaon,2020-04-27,2.2800000000000002,0.07,4.05,1.23,3.0100000000000002
Jalgaon,2020-04-28,2.0,0.09,3.63,1.06,2.65
Jalgaon,2020-04-29,1.6300000000000001,0.0,3.1,0.8300000000000001,2.25
Jalgaon,2020-04-30,1.37,0.0,2.79,0.65,1.95
Jalgaon,2020-05-01,1.17,0.0,2.56,0.46,1.67
Jalgaon,2020-05-02,1.0,0.0,2.39,0.37,1.5
Jalgaon,2020-05-03,1.1500000000000001,0.0,2.47,0.51,1.67
Jalgaon,2020-05-04,1.42,0.02,2.65,0.6900000000000001,1.8900000000000001
Jalgaon,2020-05-05,1.62,0.16,2.86,0.92,2.1
Jalgaon,2020-05-06,1.97,0.54,3.23,1.29,2.42
Jalgaon,2020-05-07,2.34,0.99,3.48,1.8,2.82
Jalgaon,2020-05-08,2.36,1.17,3.41,1.84,2.7600000000000002
Jalgaon,2020-05-09,2.23,1.12,3.16,1.72,2.56
Jalgaon,2020-05-10,2.0300000000000002,1.02,2.9,1.6,2.37
Jalgaon,2020-05-11,1.76,0.81,2.58,1.32,2.05
Jalgaon,2020-05-12,1.6,0.6900000000000001,2.38,1.16,1.86
Jalgaon,2020-05-13,1.44,0.56,2.19,1.05,1.72
Jalgaon,2020-05-14,1.3800000000000001,0.53,2.11,1.0,1.6500000000000001
Jalgaon,2020-05-15,1.41,0.63,2.16,1.06,1.69
Jalgaon,2020-05-16,1.36,0.58,2.07,0.97,1.59
Jalgaon,2020-05-17,1.31,0.53,1.99,0.96,1.56
Jalgaon,2020-05-18,1.29,0.52,1.95,0.93,1.52
Jalgaon,2020-05-19,1.3800000000000001,0.66,2.05,1.07,1.6400000000000001
Jalgaon,2020-05-20,1.42,0.72,2.07,1.08,1.6400000000000001
Jalgaon,2020-05-21,1.46,0.77,2.08,1.1400000000000001,1.68
Jalgaon,2020-05-22,1.43,0.76,2.0300000000000002,1.1500000000000001,1.67
Jalgaon,2020-05-23,1.3800000000000001,0.71,1.95,1.07,1.58
Jalgaon,2020-05-24,1.35,0.71,1.92,1.04,1.54
Jalgaon,2020-05-25,1.33,0.71,1.8900000000000001,1.02,1.51
Jalgaon,2020-05-26,1.31,0.6900000000000001,1.85,1.01,1.49
Jalgaon,2020-05-27,1.3900000000000001,0.8,1.93,1.09,1.56
Jalgaon,2020-05-28,1.4000000000000001,0.8200000000000001,1.92,1.1,1.56
Jalgaon,2020-05-29,1.43,0.87,1.94,1.18,1.62
Jalgaon,2020-05-30,1.47,0.92,1.96,1.21,1.6400000000000001
Jalgaon,2020-05-31,1.49,0.9500000000000001,1.96,1.22,1.6400000000000001
Jalgaon,2020-06-01,1.52,0.99,1.97,1.3,1.7
Jalgaon,2020-06-02,1.51,1.0,1.95,1.28,1.67
Jalgaon,2020-06-03,1.46,0.96,1.8800000000000001,1.22,1.6
Jalgaon,2020-06-04,1.47,1.01,1.9000000000000001,1.24,1.61
Jalgaon,2020-06-05,1.4000000000000001,0.9400000000000001,1.81,1.18,1.54
Jalgaon,2020-06-06,1.37,0.93,1.78,1.17,1.52
Jalgaon,2020-06-07,1.34,0.88,1.72,1.11,1.46
Jalgaon,2020-06-08,1.25,0.8,1.6300000000000001,1.05,1.3900000000000001
Jalna,2020-04-30,0.0,0.0,10.81,0.0,6.01
Jalna,2020-05-01,0.07,0.0,8.73,0.0,4.03
Jalna,2020-05-02,0.09,0.0,7.1000000000000005,0.0,3.2
Jalna,2020-05-03,0.1,0.0,6.15,0.0,2.77
Jalna,2020-05-04,0.1,0.0,5.53,0.02,2.5100000000000002
Jalna,2020-05-05,0.11,0.0,5.1000000000000005,0.02,2.32
Jalna,2020-05-06,0.11,0.0,4.7700000000000005,0.0,2.16
Jalna,2020-05-07,0.12,0.0,4.5,0.0,2.05
Jalna,2020-05-08,0.12,0.0,4.29,0.03,1.98
Jalna,2020-05-09,0.13,0.0,4.11,0.0,1.8800000000000001
Jalna,2020-05-10,1.0,0.0,3.96,0.02,1.83
Jalna,2020-05-11,1.0,0.0,3.8200000000000003,0.04,1.79
Jalna,2020-05-12,1.0,0.0,3.7,0.05,1.75
Jalna,2020-05-13,1.52,0.0,3.91,0.37,2.24
Jalna,2020-05-14,1.45,0.0,3.7,0.49,2.25
Jalna,2020-05-15,1.78,0.0,3.79,0.76,2.5500000000000003
Jalna,2020-05-16,1.67,0.0,3.54,0.75,2.42
Jalna,2020-05-17,1.86,0.02,3.5700000000000003,0.9,2.54
Jalna,2020-05-18,1.74,0.02,3.34,0.86,2.39
Jalna,2020-05-19,1.6500000000000001,0.01,3.15,0.88,2.32
Jalna,2020-05-20,1.57,0.01,3.0,0.8200000000000001,2.19
Jalna,2020-05-21,1.52,0.0,2.87,0.8,2.11
Jalna,2020-05-22,1.47,0.02,2.7800000000000002,0.76,2.02
Jalna,2020-05-23,1.57,0.07,2.84,0.8300000000000001,2.07
Jalna,2020-05-24,1.6400000000000001,0.16,2.9,0.93,2.13
Jalna,2020-05-25,1.58,0.16,2.7800000000000002,0.9500000000000001,2.09
Jalna,2020-05-26,1.6300000000000001,0.22,2.79,1.0,2.1
Jalna,2020-05-27,1.6600000000000001,0.32,2.81,1.02,2.08
Jalna,2020-05-28,1.68,0.39,2.79,1.08,2.09
Jalna,2020-05-29,1.68,0.47000000000000003,2.77,1.1400000000000001,2.1
Jalna,2020-05-30,1.61,0.43,2.63,1.06,1.98
Jalna,2020-05-31,1.56,0.43,2.54,1.04,1.92
Jalna,2020-06-01,1.51,0.45,2.48,1.0,1.85
Jalna,2020-06-02,1.47,0.4,2.37,0.98,1.8
Jalna,2020-06-03,1.44,0.4,2.31,0.99,1.78
Jalna,2020-06-04,1.41,0.43,2.2800000000000002,0.9500000000000001,1.72
Jalna,2020-06-05,1.34,0.37,2.17,0.89,1.6400000000000001
Jalna,2020-06-06,1.32,0.38,2.14,0.9,1.6300000000000001
Jalna,2020-06-07,1.22,0.29,2.0100000000000002,0.78,1.5
Jalna,2020-06-08,1.17,0.26,1.95,0.74,1.45
Kolhapur,2020-05-08,0.0,0.0,10.81,0.0,6.01
Kolhapur,2020-05-09,0.07,0.0,8.73,0.0,4.03
Kolhapur,2020-05-10,0.09,0.0,7.1000000000000005,0.0,3.2
Kolhapur,2020-05-11,0.1,0.0,6.15,0.0,2.77
Kolhapur,2020-05-12,0.1,0.0,5.53,0.02,2.5100000000000002
Kolhapur,2020-05-13,0.11,0.0,5.1000000000000005,0.02,2.32
Kolhapur,2020-05-14,2.08,0.0,5.34,0.6,3.16
Kolhapur,2020-05-15,3.23,0.04,5.72,1.8,4.37
Kolhapur,2020-05-16,3.0100000000000002,0.28,5.28,1.73,3.94
Kolhapur,2020-05-17,4.49,2.13,6.5,3.54,5.33
Kolhapur,2020-05-18,4.23,2.43,5.84,3.44,4.84
Kolhapur,2020-05-19,3.99,2.52,5.25,3.34,4.46
Kolhapur,2020-05-20,3.54,2.34,4.6000000000000005,2.99,3.92
Kolhapur,2020-05-21,2.99,1.96,3.91,2.5500000000000003,3.35
Kolhapur,2020-05-22,2.45,1.5,3.2600000000000002,2.05,2.77
Kolhapur,2020-05-23,2.23,1.36,2.97,1.84,2.5
Kolhapur,2020-05-24,1.8900000000000001,1.07,2.58,1.52,2.14
Kolhapur,2020-05-25,1.75,0.99,2.42,1.3900000000000001,1.98
Kolhapur,2020-05-26,1.57,0.85,2.22,1.21,1.78
Kolhapur,2020-05-27,1.53,0.84,2.16,1.18,1.73
Kolhapur,2020-05-28,1.44,0.74,2.0300000000000002,1.12,1.6500000000000001
Kolhapur,2020-05-29,1.49,0.81,2.06,1.2,1.71
Kolhapur,2020-05-30,1.53,0.9,2.1,1.21,1.71
Kolhapur,2020-05-31,1.6300000000000001,0.99,2.15,1.32,1.8
Kolhapur,2020-06-01,1.6300000000000001,1.03,2.14,1.34,1.8
Kolhapur,2020-06-02,1.56,0.98,2.05,1.29,1.73
Kolhapur,2020-06-03,1.41,0.85,1.8900000000000001,1.1400000000000001,1.57
Kolhapur,2020-06-04,1.29,0.75,1.77,1.04,1.46
Kolhapur,2020-06-05,1.1400000000000001,0.62,1.6300000000000001,0.87,1.29
Kolhapur,2020-06-06,1.07,0.54,1.55,0.8,1.22
Kolhapur,2020-06-07,1.0,0.44,1.46,0.74,1.16
Kolhapur,2020-06-08,0.98,0.45,1.47,0.74,1.16
Mumbai,2020-04-21,0.0,0.0,10.81,0.0,6.01
Mumbai,2020-04-22,0.79,0.31,1.22,0.55,0.93
Mumbai,2020-04-23,0.66,0.29,0.96,0.47000000000000003,0.75
Mumbai,2020-04-24,0.52,0.2,0.77,0.35000000000000003,0.59
Mumbai,2020-04-25,0.54,0.28,0.79,0.42,0.63
Mumbai,2020-04-26,0.49,0.24,0.72,0.36,0.56
Mumbai,2020-04-27,0.5700000000000001,0.33,0.79,0.46,0.65
Mumbai,2020-04-28,0.55,0.31,0.76,0.42,0.61
Mumbai,2020-04-29,0.68,0.45,0.89,0.59,0.77
Mumbai,2020-04-30,0.8300000000000001,0.58,1.02,0.71,0.89
Mumbai,2020-05-01,0.9,0.66,1.09,0.77,0.9500000000000001
Mumbai,2020-05-02,0.99,0.75,1.17,0.89,1.06
Mumbai,2020-05-03,1.08,0.86,1.27,0.97,1.1400000000000001
Mumbai,2020-05-04,1.16,0.9500000000000001,1.35,1.04,1.21
Mumbai,2020-05-05,1.26,1.05,1.44,1.17,1.33
Mumbai,2020-05-06,1.23,1.03,1.41,1.12,1.28
Mumbai,2020-05-07,1.27,1.06,1.44,1.16,1.32
Mumbai,2020-05-08,1.29,1.08,1.45,1.2,1.35
Mumbai,2020-05-09,1.17,0.98,1.34,1.07,1.22
Mumbai,2020-05-10,1.12,0.93,1.29,1.03,1.18
Mumbai,2020-05-11,1.11,0.92,1.28,1.01,1.16
Mumbai,2020-05-12,1.12,0.92,1.28,1.02,1.17
Mumbai,2020-05-13,1.16,0.96,1.32,1.05,1.2
Mumbai,2020-05-14,1.28,1.07,1.43,1.17,1.32
Mumbai,2020-05-15,1.3800000000000001,1.19,1.54,1.27,1.42
Mumbai,2020-05-16,1.34,1.16,1.5,1.26,1.4000000000000001
Mumbai,2020-05-17,1.43,1.26,1.59,1.33,1.47
Mumbai,2020-05-18,1.44,1.25,1.58,1.33,1.47
Mumbai,2020-05-19,1.5,1.33,1.6500000000000001,1.43,1.56
Mumbai,2020-05-20,1.55,1.3800000000000001,1.69,1.47,1.6
Mumbai,2020-05-21,1.53,1.37,1.67,1.43,1.56
Mumbai,2020-05-22,1.46,1.29,1.59,1.3900000000000001,1.51
Mumbai,2020-05-23,1.34,1.18,1.47,1.26,1.3800000000000001
Mumbai,2020-05-24,1.08,0.92,1.21,1.0,1.12
Mumbai,2020-05-25,0.98,0.8,1.1,0.9,1.02
Mumbai,2020-05-26,0.78,0.61,0.91,0.68,0.81
Mumbai,2020-05-27,0.8200000000000001,0.64,0.9500000000000001,0.72,0.85
Mumbai,2020-05-28,0.76,0.59,0.9,0.67,0.8
Mumbai,2020-05-29,0.9400000000000001,0.78,1.09,0.85,0.98
Mumbai,2020-05-30,1.07,0.9,1.21,0.98,1.11
Mumbai,2020-05-31,1.1500000000000001,0.98,1.29,1.06,1.19
Mumbai,2020-06-01,1.1500000000000001,0.97,1.28,1.06,1.19
Mumbai,2020-06-02,1.1400000000000001,0.98,1.28,1.05,1.18
Mumbai,2020-06-03,0.97,0.81,1.11,0.88,1.01
Mumbai,2020-06-04,1.01,0.85,1.1500000000000001,0.91,1.04
Mumbai,2020-06-05,0.8,0.62,0.93,0.7000000000000001,0.8300000000000001
Mumbai,2020-06-06,0.75,0.58,0.89,0.66,0.79
Mumbai,2020-06-07,0.64,0.46,0.78,0.56,0.6900000000000001
Mumbai,2020-06-08,0.51,0.32,0.65,0.4,0.54
Nagpur,2020-04-21,0.0,0.0,10.81,0.0,6.01
Nagpur,2020-04-22,0.07,0.0,2.85,0.0,1.2
Nagpur,2020-04-23,0.08,0.0,1.99,0.0,0.8
Nagpur,2020-04-24,0.09,0.0,1.6,0.0,0.62
Nagpur,2020-04-25,0.09,0.0,1.5,0.0,0.58
Nagpur,2020-04-26,0.1,0.0,1.48,0.0,0.59
Nagpur,2020-04-27,0.11,0.0,1.47,0.0,0.6
Nagpur,2020-04-28,0.11,0.0,1.45,0.0,0.6
Nagpur,2020-04-29,0.12,0.0,1.44,0.0,0.61
Nagpur,2020-04-30,0.12,0.0,1.3800000000000001,0.0,0.58
Nagpur,2020-05-01,0.12,0.0,1.33,0.02,0.5700000000000001
Nagpur,2020-05-02,0.13,0.0,1.33,0.0,0.56
Nagpur,2020-05-03,0.19,0.0,1.42,0.03,0.66
Nagpur,2020-05-04,0.52,0.0,1.52,0.04,0.75
Nagpur,2020-05-05,0.7000000000000001,0.0,1.6,0.28,1.03
Nagpur,2020-05-06,0.79,0.0,1.6300000000000001,0.31,1.07
Nagpur,2020-05-07,0.92,0.05,1.73,0.47000000000000003,1.23
Nagpur,2020-05-08,0.92,0.03,1.68,0.46,1.2
Nagpur,2020-05-09,0.93,0.04,1.6600000000000001,0.54,1.25
Nagpur,2020-05-10,1.06,0.15,1.8,0.66,1.36
Nagpur,2020-05-11,1.09,0.21,1.82,0.67,1.35
Nagpur,2020-05-12,1.12,0.29,1.85,0.76,1.41
Nagpur,2020-05-13,1.1400000000000001,0.35000000000000003,1.86,0.76,1.3900000000000001
Nagpur,2020-05-14,1.04,0.24,1.7,0.67,1.28
Nagpur,2020-05-15,1.01,0.24,1.6600000000000001,0.68,1.27
Nagpur,2020-05-16,0.93,0.17,1.55,0.58,1.16
Nagpur,2020-05-17,0.85,0.11,1.45,0.5,1.07
Nagpur,2020-05-18,0.93,0.2,1.55,0.5700000000000001,1.1400000000000001
Nagpur,2020-05-19,1.01,0.3,1.6400000000000001,0.66,1.22
Nagpur,2020-05-20,1.06,0.35000000000000003,1.67,0.71,1.26
Nagpur,2020-05-21,1.1,0.42,1.71,0.81,1.34
Nagpur,2020-05-22,1.05,0.36,1.6300000000000001,0.76,1.28
Nagpur,2020-05-23,0.98,0.3,1.55,0.65,1.17
Nagpur,2020-05-24,0.88,0.21,1.44,0.58,1.09
Nagpur,2020-05-25,0.8300000000000001,0.19,1.4000000000000001,0.51,1.02
Nagpur,2020-05-26,0.79,0.16,1.36,0.47000000000000003,0.98
Nagpur,2020-05-27,0.87,0.23,1.45,0.56,1.07
Nagpur,2020-05-28,0.9400000000000001,0.31,1.53,0.61,1.12
Nagpur,2020-05-29,1.03,0.42,1.6300000000000001,0.74,1.24
Nagpur,2020-05-30,1.11,0.49,1.68,0.8200000000000001,1.31
Nagpur,2020-05-31,1.16,0.53,1.7,0.87,1.35
Nagpur,2020-06-01,1.16,0.58,1.72,0.89,1.36
Nagpur,2020-06-02,1.1500000000000001,0.56,1.68,0.89,1.35
Nagpur,2020-06-03,1.1400000000000001,0.56,1.6600000000000001,0.9,1.35
Nagpur,2020-06-04,1.17,0.59,1.67,0.87,1.32
Nagpur,2020-06-05,1.1400000000000001,0.59,1.6500000000000001,0.87,1.31
Nagpur,2020-06-06,1.11,0.54,1.59,0.85,1.28
Nagpur,2020-06-07,1.07,0.51,1.55,0.8,1.23
Nagpur,2020-06-08,1.0,0.45,1.48,0.72,1.1500000000000001
Nanded,2020-04-30,0.0,0.0,10.81,0.0,6.01
Nanded,2020-05-01,5.8500000000000005,0.63,9.89,3.4,7.63
Nanded,2020-05-02,3.84,0.29,6.74,2.19,5.08
Nanded,2020-05-03,3.17,0.38,5.57,1.84,4.13
Nanded,2020-05-04,2.14,0.02,4.0600000000000005,1.1,2.96
Nanded,2020-05-05,1.61,0.0,3.41,0.63,2.24
Nanded,2020-05-06,1.0,0.0,2.83,0.1,1.44
Nanded,2020-05-07,0.74,0.0,2.6,0.05,1.24
Nanded,2020-05-08,1.0,0.0,2.73,0.25,1.54
Nanded,2020-05-09,1.22,0.0,2.83,0.45,1.79
Nanded,2020-05-10,1.4000000000000001,0.01,2.89,0.62,1.97
Nanded,2020-05-11,1.36,0.0,2.77,0.64,1.93
Nanded,2020-05-12,1.32,0.0,2.67,0.64,1.8800000000000001
Nanded,2020-05-13,1.3,0.02,2.6,0.6,1.8
Nanded,2020-05-14,1.1400000000000001,0.0,2.41,0.48,1.61
Nanded,2020-05-15,1.26,0.0,2.46,0.5700000000000001,1.71
Nanded,2020-05-16,1.24,0.01,2.41,0.5700000000000001,1.68
Nanded,2020-05-17,1.22,0.0,2.35,0.58,1.6600000000000001
Nanded,2020-05-18,1.32,0.03,2.41,0.6900000000000001,1.76
Nanded,2020-05-19,1.3900000000000001,0.06,2.45,0.78,1.83
Nanded,2020-05-20,1.27,0.06,2.31,0.65,1.6600000000000001
Nanded,2020-05-21,1.25,0.03,2.24,0.6900000000000001,1.67
Nanded,2020-05-22,1.16,0.03,2.13,0.59,1.54
Nanded,2020-05-23,1.07,0.03,2.04,0.53,1.45
Nanded,2020-05-24,1.07,0.0,2.0,0.54,1.45
Nanded,2020-05-25,0.99,0.0,1.92,0.45,1.34
Nanded,2020-05-26,0.99,0.01,1.92,0.51,1.3900000000000001
Nanded,2020-05-27,0.99,0.0,1.9100000000000001,0.46,1.34
Nanded,2020-05-28,0.99,0.0,1.9000000000000001,0.43,1.31
Nanded,2020-05-29,0.99,0.0,1.8900000000000001,0.48,1.35
Nanded,2020-05-30,1.06,0.0,1.94,0.52,1.4000000000000001
Nanded,2020-05-31,1.12,0.06,2.0300000000000002,0.59,1.47
Nanded,2020-06-01,1.31,0.2,2.2600000000000002,0.8,1.68
Nanded,2020-06-02,1.41,0.3,2.35,0.9,1.76
Nanded,2020-06-03,1.44,0.4,2.39,0.96,1.79
Nanded,2020-06-04,1.4000000000000001,0.38,2.31,0.98,1.78
Nanded,2020-06-05,1.28,0.29,2.15,0.8300000000000001,1.61
Nanded,2020-06-06,1.17,0.19,1.99,0.75,1.51
Nanded,2020-06-07,1.07,0.12,1.86,0.62,1.37
Nanded,2020-06-08,0.98,0.03,1.71,0.53,1.27
Nashik,2020-04-21,0.0,0.0,10.81,0.0,6.01
Nashik,2020-04-22,0.08,0.0,2.33,0.0,0.99
Nashik,2020-04-23,0.08,0.0,1.57,0.0,0.62
Nashik,2020-04-24,0.09,0.0,1.28,0.0,0.49
Nashik,2020-04-25,0.1,0.0,1.28,0.0,0.51
Nashik,2020-04-26,0.1,0.0,1.23,0.0,0.5
Nashik,2020-04-27,0.13,0.0,1.31,0.02,0.59
Nashik,2020-04-28,0.16,0.0,1.31,0.01,0.6
Nashik,2020-04-29,0.53,0.0,1.3900000000000001,0.1,0.75
Nashik,2020-04-30,0.6900000000000001,0.0,1.45,0.25,0.93
Nashik,2020-05-01,0.76,0.0,1.47,0.37,1.04
Nashik,2020-05-02,1.05,0.21,1.8,0.63,1.31
Nashik,2020-05-03,1.37,0.54,2.08,0.96,1.6
Nashik,2020-05-04,1.6300000000000001,0.88,2.29,1.29,1.87
Nashik,2020-05-05,1.68,1.0,2.29,1.37,1.9000000000000001
Nashik,2020-05-06,1.58,0.93,2.13,1.31,1.8
Nashik,2020-05-07,1.5,0.88,2.0100000000000002,1.25,1.71
Nashik,2020-05-08,1.3900000000000001,0.8200000000000001,1.8900000000000001,1.1300000000000001,1.57
Nashik,2020-05-09,1.25,0.71,1.74,0.97,1.4000000000000001
Nashik,2020-05-10,1.19,0.66,1.6600000000000001,0.96,1.37
Nashik,2020-05-11,1.1500000000000001,0.62,1.6,0.92,1.32
Nashik,2020-05-12,1.1,0.58,1.54,0.84,1.24
Nashik,2020-05-13,1.05,0.56,1.5,0.81,1.2
Nashik,2020-05-14,0.98,0.5,1.43,0.72,1.11
Nashik,2020-05-15,0.93,0.43,1.36,0.71,1.09
Nashik,2020-05-16,0.86,0.36,1.29,0.65,1.03
Nashik,2020-05-17,0.8300000000000001,0.34,1.27,0.5700000000000001,0.96
Nashik,2020-05-18,0.8,0.29,1.23,0.55,0.9400000000000001
Nashik,2020-05-19,0.81,0.32,1.26,0.5700000000000001,0.96
Nashik,2020-05-20,0.84,0.33,1.28,0.61,1.0
Nashik,2020-05-21,0.86,0.35000000000000003,1.3,0.63,1.02
Nashik,2020-05-22,0.88,0.38,1.33,0.66,1.05
Nashik,2020-05-23,0.9,0.4,1.35,0.67,1.06
Nashik,2020-05-24,0.91,0.41000000000000003,1.36,0.6900000000000001,1.08
Nashik,2020-05-25,0.93,0.42,1.37,0.7000000000000001,1.09
Nashik,2020-05-26,0.9400000000000001,0.43,1.3800000000000001,0.71,1.1
Nashik,2020-05-27,0.98,0.49,1.43,0.74,1.1300000000000001
Nashik,2020-05-28,0.99,0.49,1.43,0.74,1.1300000000000001
Nashik,2020-05-29,1.03,0.54,1.47,0.77,1.16
Nashik,2020-05-30,1.07,0.59,1.51,0.84,1.22
Nashik,2020-05-31,1.09,0.62,1.53,0.84,1.22
Nashik,2020-06-01,1.11,0.65,1.55,0.9,1.27
Nashik,2020-06-02,1.16,0.6900000000000001,1.58,0.92,1.29
Nashik,2020-06-03,1.17,0.6900000000000001,1.57,0.96,1.32
Nashik,2020-06-04,1.26,0.8,1.6600000000000001,1.02,1.3800000000000001
Nashik,2020-06-05,1.25,0.8200000000000001,1.6600000000000001,1.03,1.3800000000000001
Nashik,2020-06-06,1.26,0.81,1.6400000000000001,1.06,1.4000000000000001
Nashik,2020-06-07,1.23,0.81,1.62,1.0,1.34
Nashik,2020-06-08,1.17,0.75,1.55,0.97,1.3
Osmanabad,2020-05-13,0.0,0.0,10.81,0.0,6.01
Osmanabad,2020-05-14,0.07,0.0,8.73,0.0,4.03
Osmanabad,2020-05-15,0.09,0.0,7.1000000000000005,0.0,3.2
Osmanabad,2020-05-16,0.1,0.0,6.15,0.0,2.77
Osmanabad,2020-05-17,0.1,0.0,5.53,0.02,2.5100000000000002
Osmanabad,2020-05-18,2.2800000000000002,0.0,5.76,0.61,3.38
Osmanabad,2020-05-19,1.93,0.0,5.01,0.54,2.94
Osmanabad,2020-05-20,2.4,0.0,4.96,1.03,3.38
Osmanabad,2020-05-21,2.56,0.02,4.74,1.28,3.45
Osmanabad,2020-05-22,2.2,0.01,4.16,1.1400000000000001,3.0500000000000003
Osmanabad,2020-05-23,1.98,0.0,3.77,0.9500000000000001,2.69
Osmanabad,2020-05-24,1.82,0.0,3.49,0.87,2.48
Osmanabad,2020-05-25,1.71,0.01,3.2800000000000002,0.8,2.31
Osmanabad,2020-05-26,1.6300000000000001,0.0,3.1,0.85,2.27
Osmanabad,2020-05-27,1.74,0.04,3.13,0.96,2.34
Osmanabad,2020-05-28,1.6500000000000001,0.04,2.97,0.88,2.19
Osmanabad,2020-05-29,1.72,0.16,3.04,0.99,2.25
Osmanabad,2020-05-30,1.6400000000000001,0.14,2.88,0.91,2.11
Osmanabad,2020-05-31,1.58,0.15,2.77,0.93,2.07
Osmanabad,2020-06-01,1.52,0.15,2.67,0.9500000000000001,2.04
Osmanabad,2020-06-02,1.57,0.26,2.73,0.9500000000000001,2.0100000000000002
Osmanabad,2020-06-03,1.61,0.3,2.71,1.01,2.0300000000000002
Osmanabad,2020-06-04,1.55,0.31,2.62,0.96,1.94
Osmanabad,2020-06-05,1.5,0.29,2.52,0.9500000000000001,1.8900000000000001
Osmanabad,2020-06-06,1.46,0.32,2.47,0.92,1.83
Osmanabad,2020-06-07,1.37,0.26,2.33,0.84,1.72
Osmanabad,2020-06-08,1.29,0.23,2.23,0.8200000000000001,1.67
Palghar,2020-04-21,0.0,0.0,10.81,0.0,6.01
Palghar,2020-04-22,0.07,0.0,2.09,0.0,0.81
Palghar,2020-04-23,0.08,0.0,1.44,0.0,0.53
Palghar,2020-04-24,0.08,0.0,1.18,0.0,0.42
Palghar,2020-04-25,0.08,0.0,1.09,0.0,0.39
Palghar,2020-04-26,0.09,0.0,1.01,0.0,0.36
Palghar,2020-04-27,0.09,0.0,1.05,0.0,0.38
Palghar,2020-04-28,0.1,0.0,1.1,0.0,0.41000000000000003
Palghar,2020-04-29,0.11,0.0,1.11,0.0,0.42
Palghar,2020-04-30,0.11,0.0,1.11,0.0,0.43
Palghar,2020-05-01,0.12,0.0,1.12,0.0,0.44
Palghar,2020-05-02,0.12,0.0,1.09,0.0,0.43
Palghar,2020-05-03,0.12,0.0,1.09,0.0,0.44
Palghar,2020-05-04,0.13,0.0,1.1300000000000001,0.0,0.47000000000000003
Palghar,2020-05-05,0.19,0.0,1.21,0.04,0.56
Palghar,2020-05-06,0.28,0.0,1.25,0.02,0.58
Palghar,2020-05-07,0.39,0.0,1.29,0.07,0.66
Palghar,2020-05-08,0.56,0.0,1.37,0.14,0.78
Palghar,2020-05-09,0.64,0.0,1.4000000000000001,0.23,0.88
Palghar,2020-05-10,0.72,0.0,1.42,0.33,0.98
Palghar,2020-05-11,0.78,0.02,1.46,0.37,1.02
Palghar,2020-05-12,0.87,0.07,1.54,0.5,1.1400000000000001
Palghar,2020-05-13,0.9400000000000001,0.16,1.6300000000000001,0.56,1.19
Palghar,2020-05-14,0.98,0.23,1.67,0.62,1.23
Palghar,2020-05-15,1.01,0.25,1.6600000000000001,0.66,1.25
Palghar,2020-05-16,1.01,0.28,1.6500000000000001,0.68,1.25
Palghar,2020-05-17,1.01,0.32,1.6500000000000001,0.65,1.21
Palghar,2020-05-18,1.03,0.34,1.6400000000000001,0.7000000000000001,1.24
Palghar,2020-05-19,1.07,0.39,1.6600000000000001,0.8,1.32
Palghar,2020-05-20,1.16,0.51,1.74,0.84,1.35
Palghar,2020-05-21,1.28,0.67,1.85,0.97,1.46
Palghar,2020-05-22,1.36,0.77,1.9000000000000001,1.06,1.53
Palghar,2020-05-23,1.3800000000000001,0.79,1.8800000000000001,1.1,1.55
Palghar,2020-05-24,1.33,0.79,1.83,1.07,1.5
Palghar,2020-05-25,1.26,0.73,1.74,0.99,1.41
Palghar,2020-05-26,1.18,0.64,1.6300000000000001,0.91,1.32
Palghar,2020-05-27,1.2,0.67,1.6400000000000001,0.9500000000000001,1.35
Palghar,2020-05-28,1.2,0.72,1.6600000000000001,0.96,1.35
Palghar,2020-05-29,1.27,0.79,1.71,1.04,1.42
Palghar,2020-05-30,1.32,0.8300000000000001,1.73,1.09,1.46
Palghar,2020-05-31,1.36,0.9,1.77,1.1400000000000001,1.5
Palghar,2020-06-01,1.33,0.87,1.72,1.11,1.46
Palghar,2020-06-02,1.31,0.86,1.69,1.11,1.45
Palghar,2020-06-03,1.25,0.8200000000000001,1.6300000000000001,1.02,1.36
Palghar,2020-06-04,1.28,0.84,1.6400000000000001,1.07,1.4000000000000001
Palghar,2020-06-05,1.25,0.8300000000000001,1.61,1.06,1.3800000000000001
Palghar,2020-06-06,1.24,0.8200000000000001,1.59,1.03,1.35
Palghar,2020-06-07,1.2,0.79,1.55,1.03,1.34
Palghar,2020-06-08,1.16,0.77,1.52,0.97,1.28
Pune,2020-04-21,0.0,0.0,10.81,0.0,6.01
Pune,2020-04-22,1.0,0.01,1.86,0.52,1.35
Pune,2020-04-23,0.74,0.03,1.3800000000000001,0.35000000000000003,0.96
Pune,2020-04-24,0.52,0.0,1.06,0.22,0.71
Pune,2020-04-25,0.46,0.0,0.9500000000000001,0.18,0.62
Pune,2020-04-26,0.32,0.0,0.8,0.03,0.41000000000000003
Pune,2020-04-27,0.28,0.0,0.75,0.03,0.38
Pune,2020-04-28,0.17,0.0,0.6900000000000001,0.01,0.33
Pune,2020-04-29,0.25,0.0,0.7000000000000001,0.03,0.36
Pune,2020-04-30,0.34,0.0,0.75,0.1,0.45
Pune,2020-05-01,0.38,0.0,0.77,0.12,0.48
Pune,2020-05-02,0.86,0.38,1.28,0.64,1.01
Pune,2020-05-03,1.23,0.79,1.6300000000000001,1.01,1.36
Pune,2020-05-04,1.46,1.06,1.84,1.29,1.61
Pune,2020-05-05,1.49,1.1,1.83,1.32,1.62
Pune,2020-05-06,1.31,0.9500000000000001,1.6400000000000001,1.12,1.41
Pune,2020-05-07,1.24,0.87,1.54,1.04,1.32
Pune,2020-05-08,1.19,0.8300000000000001,1.48,1.01,1.28
Pune,2020-05-09,1.1300000000000001,0.8,1.43,0.97,1.23
Pune,2020-05-10,1.29,0.9500000000000001,1.57,1.11,1.37
Pune,2020-05-11,1.33,1.0,1.6,1.16,1.41
Pune,2020-05-12,1.3,0.99,1.57,1.1500000000000001,1.3900000000000001
Pune,2020-05-13,1.25,0.9400000000000001,1.51,1.08,1.32
Pune,2020-05-14,1.1500000000000001,0.85,1.41,1.01,1.24
Pune,2020-05-15,1.17,0.89,1.44,1.02,1.25
Pune,2020-05-16,1.12,0.8200000000000001,1.37,0.96,1.19
Pune,2020-05-17,1.1400000000000001,0.84,1.3900000000000001,0.98,1.21
Pune,2020-05-18,1.16,0.87,1.41,1.05,1.27
Pune,2020-05-19,1.22,0.92,1.46,1.09,1.31
Pune,2020-05-20,1.3,1.01,1.54,1.16,1.3800000000000001
Pune,2020-05-21,1.3800000000000001,1.09,1.61,1.22,1.44
Pune,2020-05-22,1.41,1.12,1.6300000000000001,1.27,1.48
Pune,2020-05-23,1.44,1.18,1.67,1.29,1.5
Pune,2020-05-24,1.3800000000000001,1.12,1.6,1.25,1.45
Pune,2020-05-25,1.33,1.08,1.55,1.19,1.3900000000000001
Pune,2020-05-26,1.2,0.9400000000000001,1.41,1.06,1.26
Pune,2020-05-27,1.17,0.9,1.37,1.06,1.25
Pune,2020-05-28,1.08,0.8200000000000001,1.29,0.98,1.17
Pune,2020-05-29,1.09,0.8300000000000001,1.3,0.99,1.18
Pune,2020-05-30,1.08,0.8200000000000001,1.29,0.98,1.17
Pune,2020-05-31,1.09,0.8300000000000001,1.3,0.99,1.18
Pune,2020-06-01,1.1,0.8300000000000001,1.3,0.99,1.18
Pune,2020-06-02,1.1,0.84,1.31,0.99,1.18
Pune,2020-06-03,1.03,0.77,1.24,0.92,1.11
Pune,2020-06-04,1.08,0.8200000000000001,1.29,0.98,1.17
Pune,2020-06-05,1.0,0.74,1.21,0.9,1.09
Pune,2020-06-06,0.99,0.73,1.2,0.84,1.04
Pune,2020-06-07,0.93,0.68,1.1500000000000001,0.79,0.99
Pune,2020-06-08,0.85,0.58,1.06,0.71,0.91
Raigad,2020-05-02,0.0,0.0,10.81,0.0,6.01
Raigad,2020-05-03,2.08,0.0,3.95,1.0,2.82
Raigad,2020-05-04,2.16,0.42,3.62,1.36,2.72
Raigad,2020-05-05,1.82,0.45,3.0500000000000003,1.16,2.2600000000000002
Raigad,2020-05-06,1.59,0.38,2.63,1.09,2.0300000000000002
Raigad,2020-05-07,1.23,0.17,2.13,0.73,1.57
Raigad,2020-05-08,1.1,0.16,1.95,0.6900000000000001,1.46
Raigad,2020-05-09,0.86,0.01,1.59,0.44,1.1500000000000001
Raigad,2020-05-10,0.9500000000000001,0.06,1.67,0.54,1.24
Raigad,2020-05-11,1.0,0.12,1.71,0.58,1.26
Raigad,2020-05-12,1.2,0.36,1.94,0.79,1.45
Raigad,2020-05-13,1.3,0.49,2.0,0.9500000000000001,1.57
Raigad,2020-05-14,1.3800000000000001,0.61,2.04,1.02,1.61
Raigad,2020-05-15,1.36,0.66,2.0100000000000002,1.01,1.57
Raigad,2020-05-16,1.28,0.5700000000000001,1.87,0.99,1.52
Raigad,2020-05-17,1.23,0.56,1.81,0.96,1.47
Raigad,2020-05-18,1.19,0.54,1.75,0.88,1.3800000000000001
Raigad,2020-05-19,1.1400000000000001,0.5,1.68,0.89,1.37
Raigad,2020-05-20,1.17,0.58,1.72,0.89,1.36
Raigad,2020-05-21,1.28,0.6900000000000001,1.8,0.99,1.45
Raigad,2020-05-22,1.37,0.79,1.86,1.1,1.54
Raigad,2020-05-23,1.47,0.9500000000000001,1.97,1.23,1.6500000000000001
Raigad,2020-05-24,1.49,0.97,1.95,1.22,1.6300000000000001
Raigad,2020-05-25,1.46,0.97,1.9100000000000001,1.22,1.61
Raigad,2020-05-26,1.36,0.89,1.8,1.11,1.49
Raigad,2020-05-27,1.3,0.8200000000000001,1.71,1.06,1.43
Raigad,2020-05-28,1.18,0.73,1.6,0.96,1.32
Raigad,2020-05-29,1.2,0.74,1.6,0.96,1.32
Raigad,2020-05-30,1.21,0.75,1.6,1.0,1.35
Raigad,2020-05-31,1.22,0.76,1.6,0.99,1.34
Raigad,2020-06-01,1.24,0.8,1.62,1.02,1.36
Raigad,2020-06-02,1.25,0.81,1.62,1.07,1.4000000000000001
Raigad,2020-06-03,1.2,0.77,1.57,1.0,1.33
Raigad,2020-06-04,1.19,0.76,1.55,0.97,1.3
Raigad,2020-06-05,1.11,0.7000000000000001,1.48,0.93,1.25
Raigad,2020-06-06,1.07,0.65,1.43,0.88,1.2
Raigad,2020-06-07,1.02,0.59,1.37,0.8300000000000001,1.1500000000000001
Raigad,2020-06-08,0.9500000000000001,0.54,1.32,0.77,1.09
Ratnagiri,2020-05-01,0.0,0.0,10.81,0.0,6.01
Ratnagiri,2020-05-02,0.07,0.0,8.73,0.0,4.03
Ratnagiri,2020-05-03,0.09,0.0,7.1000000000000005,0.0,3.2
Ratnagiri,2020-05-04,0.1,0.0,6.15,0.0,2.77
Ratnagiri,2020-05-05,0.1,0.0,5.53,0.02,2.5100000000000002
Ratnagiri,2020-05-06,0.11,0.0,5.1000000000000005,0.02,2.32
Ratnagiri,2020-05-07,3.0100000000000002,0.0,5.93,1.37,4.17
Ratnagiri,2020-05-08,3.0100000000000002,0.04,5.42,1.6,4.05
Ratnagiri,2020-05-09,3.2800000000000002,0.58,5.5600000000000005,2.12,4.26
Ratnagiri,2020-05-10,2.92,0.59,4.9,1.85,3.69
Ratnagiri,2020-05-11,3.08,1.02,4.8500000000000005,2.18,3.77
Ratnagiri,2020-05-12,2.71,0.92,4.2700000000000005,1.92,3.31
Ratnagiri,2020-05-13,2.35,0.73,3.73,1.61,2.86
Ratnagiri,2020-05-14,2.0100000000000002,0.52,3.2600000000000002,1.31,2.46
Ratnagiri,2020-05-15,1.77,0.44,2.98,1.16,2.23
Ratnagiri,2020-05-16,1.52,0.24,2.61,0.9500000000000001,1.96
Ratnagiri,2020-05-17,1.4000000000000001,0.16,2.42,0.86,1.83
Ratnagiri,2020-05-18,1.3,0.13,2.29,0.75,1.69
Ratnagiri,2020-05-19,1.42,0.27,2.45,0.87,1.8
Ratnagiri,2020-05-20,1.46,0.32,2.46,0.9500000000000001,1.85
Ratnagiri,2020-05-21,1.49,0.36,2.45,1.01,1.8800000000000001
Ratnagiri,2020-05-22,1.51,0.41000000000000003,2.44,1.06,1.9000000000000001
Ratnagiri,2020-05-23,1.47,0.42,2.38,0.96,1.78
Ratnagiri,2020-05-24,1.43,0.42,2.32,0.97,1.76
Ratnagiri,2020-05-25,1.45,0.45,2.3000000000000003,0.97,1.74
Ratnagiri,2020-05-26,1.42,0.48,2.27,1.0,1.74
Ratnagiri,2020-05-27,1.47,0.56,2.3000000000000003,1.04,1.76
Ratnagiri,2020-05-28,1.44,0.53,2.22,1.01,1.71
Ratnagiri,2020-05-29,1.44,0.5700000000000001,2.21,1.02,1.7
Ratnagiri,2020-05-30,1.51,0.7000000000000001,2.2800000000000002,1.1400000000000001,1.79
Ratnagiri,2020-05-31,1.5,0.6900000000000001,2.22,1.1300000000000001,1.76
Ratnagiri,2020-06-01,1.52,0.72,2.2,1.1500000000000001,1.76
Ratnagiri,2020-06-02,1.48,0.71,2.14,1.12,1.71
Ratnagiri,2020-06-03,1.3900000000000001,0.65,2.04,1.06,1.6300000000000001
Ratnagiri,2020-06-04,1.32,0.59,1.95,0.98,1.54
Ratnagiri,2020-06-05,1.21,0.49,1.83,0.89,1.44
Ratnagiri,2020-06-06,1.11,0.39,1.72,0.77,1.32
Ratnagiri,2020-06-07,1.06,0.36,1.68,0.71,1.26
Ratnagiri,2020-06-08,1.01,0.31,1.6300000000000001,0.66,1.21
Sangli,2020-04-28,0.0,0.0,10.81,0.0,6.01
Sangli,2020-04-29,0.07,0.0,8.73,0.0,4.03
Sangli,2020-04-30,0.09,0.0,7.1000000000000005,0.0,3.2
Sangli,2020-05-01,0.1,0.0,6.15,0.0,2.77
Sangli,2020-05-02,0.1,0.0,5.53,0.02,2.5100000000000002
Sangli,2020-05-03,0.11,0.0,5.1000000000000005,0.02,2.32
Sangli,2020-05-04,0.11,0.0,4.7700000000000005,0.0,2.16
Sangli,2020-05-05,0.12,0.0,4.5,0.0,2.05
Sangli,2020-05-06,0.12,0.0,4.29,0.03,1.98
Sangli,2020-05-07,0.13,0.0,4.11,0.0,1.8800000000000001
Sangli,2020-05-08,1.0,0.0,3.96,0.02,1.83
Sangli,2020-05-09,1.0,0.0,3.8200000000000003,0.04,1.79
Sangli,2020-05-10,1.0,0.0,3.7,0.05,1.75
Sangli,2020-05-11,1.0,0.0,3.6,0.03,1.69
Sangli,2020-05-12,1.0,0.0,3.5100000000000002,0.03,1.6500000000000001
Sangli,2020-05-13,1.45,0.0,3.7,0.52,2.2800000000000002
Sangli,2020-05-14,1.4000000000000001,0.0,3.5300000000000002,0.42,2.1
Sangli,2020-05-15,1.36,0.0,3.38,0.41000000000000003,2.02
Sangli,2020-05-16,1.32,0.0,3.2600000000000002,0.41000000000000003,1.96
Sangli,2020-05-17,1.3,0.0,3.15,0.39,1.8900000000000001
Sangli,2020-05-18,1.54,0.01,3.25,0.64,2.17
Sangli,2020-05-19,1.48,0.01,3.11,0.64,2.1
Sangli,2020-05-20,1.6500000000000001,0.02,3.16,0.78,2.23
Sangli,2020-05-21,1.76,0.04,3.17,0.97,2.37
Sangli,2020-05-22,1.67,0.05,3.0100000000000002,0.96,2.2800000000000002
Sangli,2020-05-23,1.6,0.06,2.88,0.87,2.13
Sangli,2020-05-24,1.54,0.04,2.75,0.8,2.0100000000000002
Sangli,2020-05-25,1.49,0.05,2.66,0.81,1.97
Sangli,2020-05-26,1.45,0.08,2.6,0.78,1.9000000000000001
Sangli,2020-05-27,1.42,0.06,2.5100000000000002,0.8,1.8800000000000001
Sangli,2020-05-28,1.3900000000000001,0.08,2.46,0.77,1.82
Sangli,2020-05-29,1.36,0.09,2.41,0.77,1.79
Sangli,2020-05-30,1.34,0.08,2.35,0.8,1.79
Sangli,2020-05-31,1.24,0.03,2.2,0.6900000000000001,1.6500000000000001
Sangli,2020-06-01,1.23,0.03,2.17,0.64,1.59
Sangli,2020-06-02,1.29,0.12,2.27,0.72,1.6600000000000001
Sangli,2020-06-03,1.27,0.14,2.25,0.72,1.6400000000000001
Sangli,2020-06-04,1.26,0.11,2.19,0.73,1.6300000000000001
Sangli,2020-06-05,1.31,0.2,2.27,0.77,1.6600000000000001
Sangli,2020-06-06,1.23,0.19,2.19,0.77,1.6300000000000001
Sangli,2020-06-07,1.22,0.12,2.1,0.73,1.58
Sangli,2020-06-08,1.21,0.14,2.09,0.7000000000000001,1.54
Satara,2020-04-21,0.0,0.0,10.81,0.0,6.01
Satara,2020-04-22,3.0100000000000002,0.0,7.1000000000000005,1.11,4.54
Satara,2020-04-23,1.93,0.0,5.01,0.53,2.93
Satara,2020-04-24,1.61,0.0,4.18,0.49,2.48
Satara,2020-04-25,1.0,0.0,3.42,0.01,1.6
Satara,2020-04-26,1.0,0.0,3.21,0.03,1.53
Satara,2020-04-27,0.11,0.0,2.84,0.0,1.28
Satara,2020-04-28,0.11,0.0,2.57,0.0,1.12
Satara,2020-04-29,0.12,0.0,2.5500000000000003,0.0,1.11
Satara,2020-04-30,0.12,0.0,2.52,0.01,1.11
Satara,2020-05-01,0.12,0.0,2.49,0.0,1.1
Satara,2020-05-02,1.26,0.0,2.98,0.48,1.8900000000000001
Satara,2020-05-03,1.86,0.04,3.34,0.98,2.46
Satara,2020-05-04,2.19,0.44,3.69,1.4000000000000001,2.7800000000000002
Satara,2020-05-05,2.21,0.6,3.58,1.55,2.79
Satara,2020-05-06,1.8800000000000001,0.43,3.12,1.25,2.38
Satara,2020-05-07,1.6600000000000001,0.33,2.81,1.07,2.12
Satara,2020-05-08,1.5,0.27,2.59,0.9400000000000001,1.93
Satara,2020-05-09,1.3,0.14,2.3000000000000003,0.75,1.69
Satara,2020-05-10,1.21,0.05,2.12,0.65,1.56
Satara,2020-05-11,1.19,0.06,2.09,0.65,1.54
Satara,2020-05-12,1.05,0.03,1.93,0.58,1.43
Satara,2020-05-13,0.99,0.0,1.84,0.54,1.37
Satara,2020-05-14,0.93,0.0,1.78,0.42,1.24
Satara,2020-05-15,0.93,0.0,1.77,0.5,1.31
Satara,2020-05-16,0.99,0.0,1.82,0.52,1.34
Satara,2020-05-17,1.11,0.07,1.96,0.62,1.45
Satara,2020-05-18,1.27,0.22,2.17,0.77,1.6
Satara,2020-05-19,1.41,0.36,2.3000000000000003,0.92,1.73
Satara,2020-05-20,1.47,0.47000000000000003,2.35,1.0,1.78
Satara,2020-05-21,1.6500000000000001,0.6900000000000001,2.49,1.22,1.96
Satara,2020-05-22,1.77,0.86,2.56,1.35,2.05
Satara,2020-05-23,1.85,1.0,2.59,1.5,2.15
Satara,2020-05-24,1.92,1.1500000000000001,2.63,1.56,2.17
Satara,2020-05-25,1.9000000000000001,1.1500000000000001,2.54,1.57,2.14
Satara,2020-05-26,1.76,1.06,2.37,1.43,1.97
Satara,2020-05-27,1.68,1.0,2.25,1.3900000000000001,1.9000000000000001
Satara,2020-05-28,1.51,0.87,2.07,1.25,1.74
Satara,2020-05-29,1.43,0.8300000000000001,1.99,1.1400000000000001,1.62
Satara,2020-05-30,1.3900000000000001,0.79,1.92,1.09,1.56
Satara,2020-05-31,1.31,0.72,1.83,1.02,1.48
Satara,2020-06-01,1.26,0.68,1.77,0.99,1.44
Satara,2020-06-02,1.22,0.63,1.71,0.97,1.41
Satara,2020-06-03,1.16,0.58,1.6500000000000001,0.89,1.33
Satara,2020-06-04,1.1400000000000001,0.5700000000000001,1.6300000000000001,0.86,1.3
Satara,2020-06-05,1.09,0.54,1.59,0.86,1.29
Satara,2020-06-06,1.06,0.5,1.55,0.8200000000000001,1.25
Satara,2020-06-07,1.06,0.5,1.55,0.81,1.24
Satara,2020-06-08,1.01,0.45,1.5,0.77,1.2
Solapur,2020-04-21,0.0,0.0,10.81,0.0,6.01
Solapur,2020-04-22,0.08,0.0,4.29,0.0,1.96
Solapur,2020-04-23,0.09,0.0,3.09,0.0,1.37
Solapur,2020-04-24,0.1,0.0,2.58,0.0,1.12
Solapur,2020-04-25,0.75,0.0,2.57,0.01,1.2
Solapur,2020-04-26,1.0,0.0,2.54,0.24,1.45
Solapur,2020-04-27,1.31,0.01,2.63,0.58,1.8
Solapur,2020-04-28,1.3800000000000001,0.01,2.5500000000000003,0.68,1.83
Solapur,2020-04-29,1.32,0.04,2.41,0.72,1.78
Solapur,2020-04-30,1.18,0.02,2.2,0.5700000000000001,1.56
Solapur,2020-05-01,1.08,0.03,2.06,0.51,1.44
Solapur,2020-05-02,0.92,0.0,1.86,0.37,1.24
Solapur,2020-05-03,1.07,0.02,1.96,0.5700000000000001,1.44
Solapur,2020-05-04,1.19,0.09,2.07,0.67,1.53
Solapur,2020-05-05,1.34,0.32,2.29,0.88,1.71
Solapur,2020-05-06,1.36,0.34,2.24,0.86,1.6600000000000001
Solapur,2020-05-07,1.41,0.42,2.25,0.9500000000000001,1.71
Solapur,2020-05-08,1.53,0.61,2.35,1.1,1.82
Solapur,2020-05-09,1.61,0.75,2.39,1.19,1.87
Solapur,2020-05-10,1.57,0.75,2.3000000000000003,1.19,1.83
Solapur,2020-05-11,1.57,0.78,2.25,1.18,1.79
Solapur,2020-05-12,1.48,0.74,2.14,1.12,1.7
Solapur,2020-05-13,1.34,0.64,1.99,0.99,1.55
Solapur,2020-05-14,1.18,0.48,1.8,0.8300000000000001,1.3800000000000001
Solapur,2020-05-15,1.1500000000000001,0.45,1.75,0.8,1.34
Solapur,2020-05-16,1.1400000000000001,0.45,1.73,0.8,1.33
Solapur,2020-05-17,1.25,0.58,1.83,0.99,1.5
Solapur,2020-05-18,1.32,0.7000000000000001,1.9100000000000001,1.02,1.52
Solapur,2020-05-19,1.35,0.72,1.9000000000000001,1.04,1.53
Solapur,2020-05-20,1.36,0.73,1.8800000000000001,1.09,1.56
Solapur,2020-05-21,1.33,0.76,1.87,1.05,1.51
Solapur,2020-05-22,1.26,0.68,1.77,0.98,1.43
Solapur,2020-05-23,1.25,0.67,1.74,0.98,1.42
Solapur,2020-05-24,1.2,0.65,1.7,0.96,1.3900000000000001
Solapur,2020-05-25,1.21,0.64,1.68,0.93,1.36
Solapur,2020-05-26,1.19,0.65,1.67,0.9400000000000001,1.36
Solapur,2020-05-27,1.28,0.75,1.75,1.05,1.46
Solapur,2020-05-28,1.32,0.8,1.78,1.12,1.52
Solapur,2020-05-29,1.4000000000000001,0.87,1.83,1.19,1.58
Solapur,2020-05-30,1.3900000000000001,0.89,1.82,1.18,1.56
Solapur,2020-05-31,1.3900000000000001,0.89,1.8,1.19,1.56
Solapur,2020-06-01,1.3800000000000001,0.93,1.81,1.1300000000000001,1.5
Solapur,2020-06-02,1.41,0.96,1.82,1.17,1.53
Solapur,2020-06-03,1.3900000000000001,0.9500000000000001,1.79,1.17,1.52
Solapur,2020-06-04,1.45,1.01,1.83,1.23,1.57
Solapur,2020-06-05,1.3900000000000001,0.96,1.76,1.19,1.52
Solapur,2020-06-06,1.33,0.92,1.7,1.1500000000000001,1.47
Solapur,2020-06-07,1.23,0.8200000000000001,1.59,1.02,1.34
Solapur,2020-06-08,1.1400000000000001,0.72,1.49,0.93,1.25
Thane,2020-04-21,0.0,0.0,10.81,0.0,6.01
Thane,2020-04-22,1.55,0.26,2.67,0.96,1.99
Thane,2020-04-23,1.23,0.27,2.04,0.84,1.58
Thane,2020-04-24,1.03,0.24,1.71,0.65,1.27
Thane,2020-04-25,0.9,0.2,1.5,0.55,1.1
Thane,2020-04-26,0.77,0.14,1.31,0.45,0.9500000000000001
Thane,2020-04-27,0.73,0.15,1.25,0.43,0.9
Thane,2020-04-28,0.64,0.07,1.1,0.38,0.8200000000000001
Thane,2020-04-29,0.72,0.15,1.18,0.45,0.88
Thane,2020-04-30,0.8200000000000001,0.29,1.29,0.6,1.01
Thane,2020-05-01,0.87,0.37,1.33,0.61,1.01
Thane,2020-05-02,1.01,0.53,1.45,0.78,1.16
Thane,2020-05-03,1.22,0.74,1.62,1.01,1.37
Thane,2020-05-04,1.49,1.06,1.8800000000000001,1.28,1.62
Thane,2020-05-05,1.7,1.28,2.05,1.49,1.81
Thane,2020-05-06,1.76,1.3800000000000001,2.09,1.61,1.9000000000000001
Thane,2020-05-07,1.73,1.36,2.0300000000000002,1.54,1.82
Thane,2020-05-08,1.6300000000000001,1.29,1.92,1.47,1.73
Thane,2020-05-09,1.49,1.18,1.78,1.33,1.58
Thane,2020-05-10,1.42,1.09,1.68,1.27,1.51
Thane,2020-05-11,1.37,1.07,1.6400000000000001,1.21,1.45
Thane,2020-05-12,1.37,1.06,1.62,1.23,1.46
Thane,2020-05-13,1.3800000000000001,1.08,1.6300000000000001,1.22,1.45
Thane,2020-05-14,1.4000000000000001,1.12,1.6500000000000001,1.26,1.48
Thane,2020-05-15,1.41,1.1400000000000001,1.6600000000000001,1.26,1.48
Thane,2020-05-16,1.34,1.07,1.58,1.21,1.42
Thane,2020-05-17,1.32,1.06,1.56,1.18,1.3900000000000001
Thane,2020-05-18,1.31,1.03,1.53,1.16,1.37
Thane,2020-05-19,1.35,1.08,1.57,1.23,1.43
Thane,2020-05-20,1.4000000000000001,1.1400000000000001,1.62,1.27,1.47
Thane,2020-05-21,1.48,1.23,1.7,1.34,1.54
Thane,2020-05-22,1.49,1.24,1.7,1.37,1.56
Thane,2020-05-23,1.47,1.22,1.67,1.34,1.53
Thane,2020-05-24,1.3800000000000001,1.1400000000000001,1.58,1.27,1.45
Thane,2020-05-25,1.32,1.1,1.53,1.2,1.3800000000000001
Thane,2020-05-26,1.2,0.97,1.4000000000000001,1.08,1.26
Thane,2020-05-27,1.2,0.97,1.4000000000000001,1.08,1.26
Thane,2020-05-28,1.12,0.89,1.32,1.0,1.18
Thane,2020-05-29,1.17,0.9400000000000001,1.37,1.05,1.23
Thane,2020-05-30,1.21,0.97,1.4000000000000001,1.08,1.26
Thane,2020-05-31,1.24,1.02,1.44,1.11,1.29
Thane,2020-06-01,1.28,1.04,1.46,1.18,1.35
Thane,2020-06-02,1.3,1.08,1.49,1.19,1.36
Thane,2020-06-03,1.23,1.0,1.41,1.11,1.28
Thane,2020-06-04,1.25,1.02,1.43,1.1300000000000001,1.3
Thane,2020-06-05,1.11,0.9,1.3,0.99,1.16
Thane,2020-06-06,1.04,0.8300000000000001,1.23,0.92,1.09
Thane,2020-06-07,0.9500000000000001,0.71,1.12,0.8300000000000001,1.0
Thane,2020-06-08,0.8200000000000001,0.6,1.01,0.71,0.88
